id	title_id	title
100009949	0	Estatística do cadastro comercial
100009949	0	Pesagem e pré-embalagem
100018640	0	Cálculo de paredes de edifícios com estrura reticulada, sujeitas a forças horizontais no seu plano
100018640	0	Charging effects in a quantum wire with leads', "Raschet sten karkasnykh zdanií na gorizontal'nuyu nagruzku, deístvuyushchuyu v ploskosti steny
100028892	0	Reticências ao sol crónicas
100038848	0	Glorias de Sevilla
100048782	0	Protecção integrada da vinha na região de Entre-Douro e Minho ensaio para homologação de um produto fitofarmacêutico contra o mídio
100058670	0	Arquitectura escolar, Novembro de 2012:
100058670	0	Arquitectura escolar <o >edifício liceu em Portugal (1882-1978)
100058670	0	Corpo, 2010:
100058670	0	Corpo Estado, medicina e sociedade no tempo da I República
100058670	0	Estudo de diagnóstico de consulta e apoio à reabilitação das casas de rendas económicas das céculas I e II do bairro de Alvalade
100058670	0	Liceus, escolas técnicas e secundárias
100068261	0	Acção transmontana semanário republicano
100068261	0	Boneca de trapos, feita em farrapos
100068261	0	<O >crime da Senhora do Castelo
100068261	0	<A >crise da democracia
100077982	0	Análise e concepção orientada para objectos de documentos hipermédia <um >caso prático
100077982	0	Social networks modeling and evaluation of organizational relational capital using SNARE
100087898	0	<A >olaria
100087898	0	<El >sostre de vidre situació sòcio-professional de les dones periodistes
100097621	0	Que gestoras - que gestores somos? <o >género no domínio da gestão organizacional
10010733	0	Coscienza storica e individuale nella poesia di Antonio Piromalli
10010733	0	Giovanni Papini nel Novecento letterario italiano', "grande esule l'esilio di Dante, dalla condanna alla morte del poeta, maggio 1959", 'Il Kērýlos collana di letteratura "Disegni storici e aggiornamenti critici', "L'eco della presenza : i dieci anni della Fondazione Mario Cerilli / Dante Cerilli", 'Memoria presente
10010733	0	Ombre di primavera : poesie / Dante Cerilli ; nota critica di Tommaso Scappaticci
10010733	0	Gli orpelli svaniti : giornalismo culturale e d\'ambiente dalle "Pagine lepine" : con una sezione filologico-esegetica di autori vari  / Dante Cerilli ; prefazione di Aldo Cervo
10010733	0	Paolo Broussard, poeta : lettura delle opere, 1955-1956
10010733	0	Piromalli e la Sicilia biografismo, luoghi e modi della letteratura
10010733	0	Ricordi e riflessioni
10010733	0	Schatten des Frühlings / Dante Cerilli ; Übersetzung von Isabel Becker und Stefan Peruzzi
10010733	0	Sulla strada del cielo : poesie di fede ribelle e mansueta e altri scritti / Dante Cerilli ; interventi critici di Vito Moretti e Annamaria Amitrano
10010733	0	Tra Settecento e Novecento omaggio a Bertola e Di Rocco temi, versi e ritmi fra letteratura e musica atti del convegno in due giornate (Supino, 29 novembre 1998-Castelliri, 13 dicembre 1998)
1001146997246718890933	0	世界新秩序與亞洲 : 台日論壇二〇〇三年東京會議論文集
1001146997246718890933	0	共創亞洲的和平與繁榮 : 台日論壇二〇〇四年台北會議論文集
100115693	0	Processos de acreditação e indicadores de desempenho nos hospitais universitários brasileiros
100115693	0	Satisfação e motivação dos académicos no ensino superior português
100125649	0	Colesterol e triglicéridos questões que você tem... as respostas de que precisa
100135436	0	Transporte aéreo dinâmicas urbanas e desenvolvimento regional
100144647639509806283	0	Urban ills twenty-first-century complexities of urban living in global contexts
100145066482366591773	0	Ocena wybranych elementów środowiska przyrodniczego na zrekultywowanych i zagospodarowanych terenach Kopalni Siarki "Jeziórko"
100146163	0	Amalthea onomastica
100146163	0	Amalthea, sive hortus onomasticus in gemina divisus florilegia, quorum quodlibet multigenas sub dividitur in areolas, in quibus communiora nomina ad quotidianum Linguñ Latialis usum, & exercitationem spectantia continentur, cum indice titulorum ad limen apposito coronat opus topographicum Lusitaniñ lexicon, ac periphrastica quorundam Sanctorum descriptio Reverendissimo P. Fr. Gabrieli de Amaral thomariensis...
100149066343465600238	0	Domestic terrorism and government duration : an event history analysis
100149294120280520990	0	Proceedings of the International Symposium "Early harvested forage in milk and meat production" : 23-24 October 2003 : Kringler, Nannestad, Norway
100150746898316301294	0	Blikopener : perspectieven van gee͏̈ngageerde twintigers
100151352026052601097	0	Pìvdenʹ Ukraïni u vìtčiznânìj ta êvropejsʹkìj ìstorìï : materìali III Mìžnarodnoï naukovo-praktičnoï konferencìï 15-16 veresnâ 2016 roku m. Odessa
100152138629510982418	0	자타와 고금의 소통을 위한 길 찾기  숭실대학교 중어중문학과 설립20주년 기념 학술논총
100152742902527731340	0	Concertos
100152742902527731340	0	[on cover label in black ink:] Schranck No: II. | 38. Fach 40. Lage | [red ink:] No: 41.) [crossed out:] Sinfonia | Fantasie | [black ink:] Violino e Basso | [incipit]
100155042727672400679	0	Les Lobi
100157012	0	Jag, en punktmarkerare : roman
100157012	0	Peugeot overdrive, 2009:
100175468	0	Almanacco muse', "Arride il sole : racconto dell'alta società straniera a Venezia nell' 800", 'Artigiani poeti : Ricordi
100175468	0	Carlo Porta e la sua Milano', "Chi l'ascolta : Intermezzo di versi", "Diademi : donne e madonne dell'800", 'Gli emigrati veneti e la diplomazia (con documenti inediti)', "Figure e figurine del secolo XIX. Con notizie inedite d'archivi segreti di stato.", 'I fratelli Bandiera.', "Grandi e piccole memorie. (Pagine di letteratura, d'arte e di storia)", "Ideali e caratteri dell'Ottocento.", 'Immortali e dimenticati
100175468	0	Iride : Melodramma Serio in quattro atti, musica di Giuseppe Vigoni
100175468	0	[Lettre.]
100175468	0	Milano 1881, c1991:
100175468	0	Mondo sereno : schizzi letterari e biografici
100175468	0	Narrazione storica', "Nella città dell'amore. Passioni illustri a Venezia (1816-1861). Con lettere inedite di Giorgio Sand...", "Nella gloria e nell'ombra : immagini e memorie dell'Ottocento", 'Novelle del Bandello e del Lasca
100175468	0	Nuove storielle a Ninetta', "Il nuovo martire dell'unità italiana Cesare Battisti e i suoi compagni di martirio ...", 'Pagine inedite
100175468	0	Parisina
100175468	0	Passioni del Risorgimento; nuove pagine sulla principessa Belgiojoso e il suo tempo con documenti inediti e illustrazioni ...
100175468	0	Poema di Lord Byron
100175468	0	Poesie edite
100175468	0	Poesie moderne (1815-1887)
100175468	0	Poesie veneziane scelte e illustrate : con une studio sulla poesia vernacola e sul dialetto di Venezia
100175468	0	I poeti della patria
100175468	0	I poeti italiani del secolo XIX : antologia
100175468	0	La principessa Belgiojoso, i suoi amici e nemici, il suo tempo. Da memorie mondane inedite o rare e da archivii segreti di Stato.
100175468	0	Ricordi delle terre dolorose...
100175468	0	Il salotto della contessa Maffei.
100175468	0	Silvio Pellico
100175468	0	Tragedia di Antonio Somma
100175468	0	Tragedia lirica di Felice Romani
100175468	0	Vite ardenti nel teatro (1700-1900) da archivii e da memorie...
100175468	0	Voci e volti del passato (1800-1900) da archivi segreti di stato e da altre fonti.
10019671	0	The paradox of power and weakness : Levinas and an alternative paradigm for psychology
10019671	0	Psychotherapy for the other : Levinas and the face-to-face relationship
1002155284861987061945	0	In pursuit of timeless quality
100234175	0	Agni devant la mort Côte d'Ivoire", 'Analyse des origines profondes de la Révolution islamique en Iran', "Analyse des représentations, attitudes et comportements des justiciables à l'égard de la justice civile.", 'Anthropologie de la mort
100234175	0	Antropologija smrti', "[Approche de l'univers religieux]", 'Une aristocratie coloniale : histoire et changements politiques en pays Mawri, Niger
100234175	0	Le besoin de santé : recherches sur la consommation médicale
100234175	0	Beyrouth ou la fascination de la mort, 2013:
100234175	0	Brève esquisse sur la pensée cosmologique du Diola
100234175	0	Cadavre', "Cadavre : de la biologie a l'anthropologie", 'chairs de la mort corps, mort, Afrique
100234175	0	Cinq essais sur la mort africaine
100234175	0	Les clubs et équipes de prévention et les jeunes de la rue.', "Contribution à une sociologie du sous-développement : l'exemple de la R.I.M.", 'Dakar en devenir
100234175	0	Les Diola, 1959.', "Les diola essai d'analyse fonctionnelle sur une population de Basse-Casamance", 'Effets économiques et conséquences sociales de la réduction du temps de travail', "Enfermement et psychose : ces maladies de l'excès", 'Esquisse sur les mouvements de populations et les contacts socio-culturels en pays Diola (Basse-Casamance)', "Essai sur la formation et les structures de l'Italie contemporaine (1860-1960)", 'Et le lièvre vint récits populaires diola
100234175	0	Expérience sociale de la mort : étude des rites funéraires des Bassar du Nord-Togo
100234175	0	Fantasme et formation
100234175	0	Fantasmes au quotidien
100234175	0	Figures et métamorphoses du meurtre', "Généralités sur l'éthnologie négro-africaine", 'The historian in tropical Africa : studies presented and discussed at the fourth international African seminar at the University of Dakar, Senegal, 1961
100234175	0	historien en Afrique tropicale', "idéologies négro-africaines d'aujourd'hui", "Imaginaires et idéologies du tourisme international, l'exemple du Sénégal", "L'Art africain et la société sénégalaise", "L'art funéraire érotique à Madagascar.", "De l'éducation traditionnelle à l'éducation moderne au Sénégal", 'La légitimation du pouvoir dans le système politique français', "L'image de la femme en Iran", "L'Imaginaire de l'âme", 'Le mariage interculturel : modèle, type matrimonial
100234175	0	Marx contre Marx : philosophie et critique sociale
100234175	0	Les migrations soninké vers la France', "Modes de pensée et savoirs psychiatriques : essai d'anthropologie sociale", 'Modes of thought and psychiatric knowledge. An essay in social anthropology.
100234175	0	Mort
100234175	0	Mort africaine idéologie funéraire en Afrique noire
100234175	0	mort en question traces de mort, mort des traces
100234175	0	mort transfigurée recherches sur les expériences vécues aux approches de la mort (NDE)...
100234175	0	Morte e poder
100234175	0	Nouveaux villages, nouvelles banlieue', "Nouvel exemple d'oralité négro-africaine : recits Narang-Djiragon, Diola-Karaban et Dyiwat (Basse-Casamance)", "Paroles de nuit ou l'univers imaginaire des relations familiales chez les Mandenka", 'Politiques de développement en Afrique, au sud du Sahara', "Les politiques d'unité africaine", 'Les populations africaines
100234175	0	Pouvoirs sorciers : enquête sur les pratiques actuelles de sorcellerie
100234175	0	Prospective du développement en Afrique noire un scénario, le Sénégal
100234175	0	Réflexions sans titre au sujet des mythes africains
100234175	0	Réincarnation, immortalité, résurrection
100234175	0	[La Religion et la vie]', "Les religions d'Afrique noire : textes et traditions sacrés", 'Rites de mort pour la paix des vivants
100234175	0	Les "rois" Diola, hier, aujourd\'hui, demain.
100234175	0	Le rôle des villes dans la formation du fait national en Algérie
100234175	0	La roue et la pierre contribution anthropo-historique à la connaissance de la production sociale et économique des Tsiganes', "Les sages dépossédés : univers magiques d'Afrique du Nord", "Santé et maladie chez un groupe d'indiens du bassin de l'Orenoque les Yaruro de l'Apure, essai d'antropologie médicale", 'sens caché des rites mortuaires mourir est-il mourir?', "Le Socialisme et l'Afrique", 'Société africaine et sante mentale
100234175	0	Société, économie et politique en Palestine (XIXe-début du XXe siècle)', "Sociologie de l'édition française : 1945-1978 : problèmes, analyse des discours et des pratiques", 'Sociologie du tragique violence au quotidien
100234175	0	Tableau socio-géographique des mouvements de population affectant le Sénégal
100234175	0	terre africaine et ses religions traditions et changements
100234175	0	Time is running out : a socio-anthropological study of the "uneasiness of death\'.
100234175	0	La troisième phase de la révolution agraire dans la stratégie de développement en Algérie
100234175	0	Trup : od biologii do antropologii
100234175	0	Valeurs et changements sociaux
100234175	0	Vieillesse et mort en Afrique
100234175	0	Vieillir projet de vie essai psycho-sociologique', "Vision blanche, vision indienne : traversée anthropologique d'une culture amazonienne : les Shipibo de l'Ucayali", 'Vivre le deuil : de la désorganisation à une réorganisation
100234175	0	The Wemenu, its dynamism, its control : an ethno-sociological approach of a society of South Benin.
100253440	0	Ālat al-ḥub : riwāya
100253440	0	Ar vienu reizi nepietiek : romāns
100253440	0	Bez zobowiązań
100253440	0	Bir defa yetmez
100253440	0	Dockornas dal
100253440	0	Dolina lutk :  roman
100253440	0	Dolores
100253440	0	Dukkernes dal
100253440	0	Eenmaal is niet genoeg
100253440	0	Einmal ist nicht genug Roman
100253440	0	Enkrat ni zadosti
100253440	0	Every night, Josephine!
100253440	0	fois ne suffit pas
100253440	0	En gaang aer inte nog, 1986:
100253440	0	Geliebte Josephine! Ein fröhl. Pudelbuch
100253440	0	Ikutabi ka utsukushiku moe.', "Jacqueline Susann's Dolores", 'Jednom ko nijednom
100253440	0	Kaerleksmaskinen : [Roman]
100253440	0	Leļļu ieleja : romāns
100253440	0	Liebesmaschine Roman
100253440	0	Life with Jackie, 1983:
100253440	0	Ljubavna mašina
100253440	0	Ljubavni stroj
100253440	0	The love machine
100253440	0	Mana dārgā Džozefīne : [romantisks stāsts]
100253440	0	La máquina del amor
100253440	0	Ningyō no tanima
100253440	0	Nukkude org. [romaan]
100253440	0	Once is not enough
100253440	0	One is not enough
100253440	0	Rabu mashin.
100253440	0	Raz nestačí
100253440	0	Raz to za mało
100253440	0	Stroj na lásku
100253440	0	Superplotʹ, 1992:
100253440	0	Tal der Puppen
100253440	0	Todas las noches, Josephine
100253440	0	Tous les soirs Joséphine; [roman]
100253440	0	Údolí panenek
100253440	0	Údolie bábik
100253440	0	Val naar de top
100253440	0	O vale das bonecas
100253440	0	El valle de las muñecas
100253440	0	La  vallée des poupées
100253440	0	Valley of the dolls
100253440	0	Una vez no basta
100253440	0	Yargo
100253440	0	Долина кукол [роман]
100253440	0	Избранное [перевод с английского]
100253440	0	Машина любви, 1992:
100253440	0	Одного раза недостаточно [Роман]
100253440	0	דולורס
100253440	0	היכן אתה אהובי
100253440	0	ירגו
100253440	0	מכונת האהבה : רומן
100253440	0	وادي الدمى
100253440	0	수선화, 노을에 지다
100253440	0	완전한 순백색의 사랑이야기
100253440	0	인형의 계곡
100253440	0	재뉴어리
100253440	0	화려한 계절
100253440	0	いくたびか美しく燃え.
100253440	0	ラブ・マシーン
100253440	0	事如春夢了無痕
100253440	0	人形의 溪谷
100253440	0	人形の谷間
100253440	0	娃娃谷
10027079	0	Africa delle città
10027079	0	"Esistere in punta di penna". Una raccolta di racconti migranti nell\'ottica dell\'antropologia letteraria.
10027079	0	"Exister à bout de plume". Un recueil de nouvelles migrantes au prisme de l\'anthropologie littéraire', "Filmare le culture : un'introduzione all'antropologia visiva", 'Kubandwa, 1998:', "Kubandwa la possessione spiritica nell'Africa dei Grandi Laghi", 'I Popoli della luna = e people of the moon Ruwenzori 1906-2006
10027079	0	Religious mobility and body language in Kubandwa possession cults
10027079	0	La ricerca sul campo in antropologia oggetti e metodi
10027079	0	Rwenzori : histories and cultures of an African mountain
10027079	0	Sacred natural sites and cultural heritage in East Africa
10027079	0	"To exist through writing". A collection of short stories through the prism of literary anthropology.
10027079	0	Urban Africa
100288515	0	Applying forest science for sustainable management
100288515	0	Badgers, beeches and blisters : getting started in your own wood
100288515	0	Broadleaves in Britain future management and research
100288515	0	Encyclopédia of forest sciences
100288515	0	Farm woodland management
100288515	0	Foreign exchange
100288515	0	The forests handbook.
100288515	0	Growing broadleaves for timber
100288515	0	A key to eucalypts in Britain and Ireland
100288515	0	Plantation forestry in the tropics
100288515	0	Plantation silviculture in temperate regions : with special reference to the British Isles
100288515	0	Planted forests uses, impacts, and sustainability
100288515	0	A wood of our own
100321218	0	grande aventure de Pabo
100321218	0	Les  modes anormaux de paiement en période suspecte
100321218	0	Le Moyen Âge [Multimédia multisupport]', "Le moyen-âge, un monde de peur et d'espoir", "Webmaster le maître d'internet
100337377	0	Individuum und individualität in Marcel Prousts A la recherche du temps perdu und Robert Musils Der Mann ohne Eigenschaften, c2004:
100349808	0	From "zone" to state
10036153	0	Ignaledre
10036153	0	Mélopée
10036153	0	mémorial
10036153	0	Les  Tempes blanchies', "le  Vide d'un coeur solitaire
100376779	0	S. ministerium accentuum ebraeorum monstratum CL dictis s. codicis ... -
100376779	0	Tetras notabilium S. scripturae locorum. -
100394479	0	Ch‘i yüan tz‘u sheng, 1993
100394479	0	Min fa gai yao : zong ze ji zhai bian tong ze
100394479	0	Min fa wen tʻi yen chiu.
100394479	0	Min fa zong ze zhi li lun yu shi yong
100394479	0	Qi yuan ci sheng : Li Mo hui yi lu
100394479	0	奇緣此生 : 李模回憶錄
100394479	0	民法概要 : 總則及債編通則
100394479	0	民法總則之理論與實用
100414242	0	Im Garten Gottes Bilder und Texte
100414242	0	Praktische Sozialhilfe
100414242	0	Ton des Lebens
1004155042793572401653	0	Mémoire pour le sieur Jean-Jacques de la Corbiere, citoyen de Genève, apellant d'apointement de règlement rendu au Bailliage de Gex le 24 septembre dernier, intimé et demandeur : contre Me Claude-Louis Roch, notaire royal, procureur et controlleur des actes, apellant du même apointement, intimé et défendeur", 'Observations pour le sieur Debons, écuyer, appellant, contre Marie-Françoise Levrier, intimée
1004155042793572401653	0	Réponse au résumé pour la Dlle. Burlamaqui, intimée : contre Guillaume Chapuis, appellant
10044646	0	art et la manière le patrimoine', "Conservation-restauration des documents graphiques de la théorie à la pratique journée d'étude du lundi 15 avril 2013
100465245	0	Entwicklung einer Methode zur genomweiten Analyse von DNA-Methylierung und Identifizierung von DNA-Methylierungsbiomarkern in Brustkrebs
100482037	0	Lavinia Fontana ; Elena Gurwič, 2008:
100531458	0	Âdernyj magnetizm : porâdok i besporâdok.
100531458	0	Anatole Abragam : (15 décembre 1914 - 8 juin 2011)
100531458	0	Croisement des fréquences de résonance nucléaire des chlores et des protons dans le paradichlorobenzène', "Dosage isotopique de l'eau lourde par résonance nucléaire", 'Étude de la forme de raie RMN dans les solides en présence de mouvements Études de la relaxation et de la diffusion de spin des protons dans les solutions gelées de polymères par RMN', "ETUDE DE L'ORDRE MAGNETIQUE NUCLEAIRE DANS KMGF#3", 'Exploration de nouvelles méthodes de RMN pour les études structurales et dynamiques dans les liquides', "Influence de la température sur la séparation isotopique sous l'effet du courant continu dans le gallium fondu", 'INVESTIGATION OF NEW NMR METHODS FOR STRUCTURAL AND DYNAMIC STUDIES IN THE LIQUID STATE.', "Jadernyj magnetizm / A. Abragam, M. Gol'dman. T. 1-2. - Moskva, 1984.", 'NMR and more in honour of Anatole Abragam
100531458	0	Nuclear magnetism, 1982:
100531458	0	Polarisation dynamique nucléaire par cycles de mélange thermique
100531458	0	Quantum description of high resolution NMR in liquids', "Résonance nucléaire en champ nul : réalisation d'un spectromètre, évaluation de la méthode pour les études structurales", "Spectre d'absorption des mélanges H⁻2O-D⁻2O à l'état liquide entre 0,8 et 30 @", 'Spin temperature and nuclear magnetic resonance in solids
100531458	0	Spinovaâ temperatura i ÂMR v tverdyh telah
100531458	0	STUDY OF THE NMR LINESHAPE IN SOLIDS WITH THE RATE OF MOTIONS. STUDIES OF THE RELAXATION AND SPIN DIFFUSION OF PROTONS IN FROZEN SOLUTIONS OF POLYMERS BY NMR.
100531458	0	Ядерный магнетизм : порядок и беспорядок : в двух томах
100566954	0	10 Jahre Kleiner Rabe Socke
100566954	0	Bilderbuch-Lesungen und -Workshops
100566954	0	Delikatessen : neue Kunstsachbücher für Kinder
100566954	0	Eine deutsch-deutsche Geschichte
100566954	0	Durch die Farbschichten hindurch : Gespräch mit Selda Marlin Soganci
100566954	0	Fragebogen Ernst Seibert
100566954	0	Fragebogen Horst Künnemann : Wir gratulieren Horst Künnemann, der am 30. Juni 75 Jahre alt wird, herzlich zum Geburtstag
100566954	0	Fragebogen Irmela Brender
100566954	0	Fragebogen Kirsten Boie
100566954	0	Fragebogen Nina Schindler
100566954	0	Fragebogen Paul Maar
100566954	0	Fragebogen Simone Klages
100566954	0	Gedanken wie Schmetterlinge Gedichte und Lyrics für Mädchen
100566954	0	Ich empfinde mich eigentlich immer noch als Anfängerin
100566954	0	Manchmal werden Märchen wahr : in Bologna fing alles an. - Großer Auftritt des Kleinen Eisbären : strategisches Marketing im süßen Gewand
100566954	0	Die mit Segen sind : zur Verleihung des Deutschen Jugendliteraturpreises 2001', "Moderner Kinderroman und Illustration : Am Beispiel von Peter Härtlings 'Das war der Hirbel'", 'Neue Leselandschaften
100566954	0	Pure Magie! - oder alles fauler Zauber? : Hexenwerk und Zauberei als Unterhaltungsmotive
100566954	0	Seine Helden stellen ihn dar : Leo Lionni 80 Jahre
100566954	0	Titelbildinterview
100566954	0	Wir haben jedes Wort mit der Goldwaage gewogen
100566954	0	Wurzeln, Wanderungen, Widersprüche : "Sechse kommen durch die Welt"
100566954	0	Zirkus! Zirkus! Zirkus! : Geschichten, Reportagen, Bilder
100583507	0	Belagerung der Welt Romanjahre
100583507	0	Die Freiheit am Morgen : Roman
100583507	0	Parisiana
100583507	0	Vom Zauber des Privaten, 2009:
100583507	0	Works.
10061762	0	Crossed products of C*-algebras
10061762	0	Equivalence and disintegration theorems for Fell bundles and their C*-algebras
10061762	0	Morita equivalence and continuous trace C* algebras
10061762	0	A took kit for groupoid C*-algebras
100651929	0	Along came Jones
100651929	0	André
100651929	0	André songs from the original soundtrack', "Atreyu's return to the great plains (3 min 10 s)", 'The Aviator
100651929	0	Babe - świnka z klasą
100651929	0	Baby express', "Bastian's dream (2 min 05 s)", "Bastian's lost memories (1 min 03 s)", 'Box office Bunny
100651929	0	Butterflies are free (54 s)
100651929	0	Cestni bojevnik
100651929	0	childlike empress (2 min 15 s)
100651929	0	Coupable ou innocente ?
100651929	0	¡Cuidado con el perro! = In the doghouse', "Don't say nothin' bad", 'Dreams we dream (4 min 23 s)', "Falkor's quest (2 min 33 s)", 'far country
100651929	0	Film directors, c1992:
100651929	0	Flight of the dragon (3 min 32 s)
100651929	0	Floden blev mitt liv (S)
100651929	0	Frozen assets', "giants' attack (2 min 11 s)", 'Giving children a chance : the case for more effective national policies
100651929	0	Grandes relatos
100651929	0	Gross misconduct
100651929	0	Halloween (1 min 13 s)
100651929	0	Happy feet 2', "Heaven's just a heartbeat (4 min 10 s)", 'histoire sans fin II un nouveau chapitre
100651929	0	last outlaw', "Lorenzo's oil", 'Mad Max 2 - wojownik szos
100651929	0	Mad Max beyond Thunderdome
100651929	0	Mad Max [Film] / reż. George Miller. - Warszawa, 2006.
100651929	0	Mad Max : Fury road
100651929	0	Mad Max: na drodze gniewu
100651929	0	Mad Max trilogy
100651929	0	Man from Snowy River (film)
100651929	0	Morning in fastasia (1 min 08 s)
100651929	0	neverending story II, the next chapter
100651929	0	orphan pup (2 min 01 s)
100651929	0	Les Patterson saves the world
100651929	0	Pobesneli Max :
100651929	0	Rama lama ding dong
100651929	0	Ratnik ceste
100651929	0	Rejsen til jordens indre
100651929	0	Rex, le cyberchien
100651929	0	Robinson Crusoe
100651929	0	Searching for fantasia (2 min 19 s)
100651929	0	Silver lake (2 min 54 s)
100651929	0	Silver mountains (1 min 29 s)
100651929	0	"Sixteen dad-sixteen"
100651929	0	Sobre la colina = Over the hill Pty lid
100651929	0	Thanks to you
100651929	0	This magic moment', "United States. General Accounting Office. Proposed pricing of irrigation water from California's central valley New Melones reservoir, 1983:", "Vol d'enfer", "Xayide's Castle (1 min 26 s)", 'Zeus and Roxanne
100651929	0	The ¤witches of Eastwick
100651929	0	로빈슨 크루소
100651929	0	매드 맥스 분노의 도로
100651929	0	이스트윅의 마녀들
100651929	0	해피 피트 2
100662756	0	Self-esteem, spirituality, and ahh-- sex
100673090	0	Rossoshanskie kurgany, 2008:
100693514	0	Zhuan jia zheng ju zhi du bi jiao yan jiu, 2008:
100693514	0	中澳检察制度比较研究 = Comparative Study on the System of Prosecution Service Between China and Australia
100703498	0	Zhang Zhong-jing's clinical application of 50 medicinals, 2008:
100713538	0	Azhikkapiranthavan
100713538	0	Carōjātēvi, 2014:
100713538	0	Carōjātēvi : ṭapuḷ eks kaṭṭuraikaḷ-kataikaḷ-campavaṅkaḷ
100713538	0	Kātal val̲iyum kōppai
100713538	0	Sarojadevi
100713538	0	Yuvakiruṣṇā. Vijayakānt, 2009:
1007155042709872400731	0	Die Sturmflutschäden an der schleswig-holsteinischen Westküste .... -
1007155042709872400731	0	Wetterführer : Wegweiser zum Verständnis des Wetters und der Wettervorhersage
100722062	0	The life and work of Stuart Morris, 1969?:
100732236	0	ʻAwāmil al-thabāt wa-al-ḥarakah fī siyāsat al-dawlah al-Urdunīyah, 2001:
100742887	0	La laguna que existe en conceder la patria potestad contenida en la fracción xviii del código civil del Estado en su artículo 226, 1997:
100752840	0	Frederic M. Hanes memorial issue, c1947:
100752840	0	Mind and body, 1903:
10076313	0	Asteroseismic estimate of helium abundance of 16 Cyg A, B
10076313	0	Asteroseismology of the Solar Analogs 16 Cyg A and B from KEPLER Observations
10076313	0	ASTROSAT mission
10076313	0	Can Naked Singularities Yield Gamma-ray Bursts?
10076313	0	Changes in Solar Dynamics from 1995 to 2002
10076313	0	CHARACTERISTICS OF SOLAR MERIDIONAL FLOWS DURING SOLAR CYCLE 23
10076313	0	COMPARISON OF HIGH-DEGREE SOLAR ACOUSTIC FREQUENCIES AND ASYMMETRY BETWEEN VELOCITY AND INTENSITY DATA
10076313	0	Consistency of the mixing length theory
10076313	0	The Discrepancy between Solar Abundances and Helioseismology
10076313	0	Does the Sun Shrink with Increasing Magnetic Activity?
10076313	0	Effects of surface layers on helioseismic inversion
10076313	0	Forbush decreases and turbulence levels at coronal mass ejection fronts
10076313	0	FREQUENCY SHIFTS OF RESONANT MODES OF THE SUN DUE TO NEAR-SURFACE CONVECTIVE SCATTERING
10076313	0	Granulation and supergranulation as convective modes in the solar envelope
10076313	0	Helioseismic bounds in the central temperature of the Sun
10076313	0	Helioseismic limit on heavy element abundance
10076313	0	Helioseismic models and solar neutrino fluxes
10076313	0	High-rigidity Forbush decreases: due to CMEs or shocks?
10076313	0	How are Forbush decreases related to interplanetary magnetic field enhancements?
10076313	0	How Dof-Mode Frequencies Change with Solar Radius?
10076313	0	The Inconstant Sun
10076313	0	Influence of turbulent pressure on solar convective modes
10076313	0	Instabilities in a polytropic atmosphere
10076313	0	Is the solar convection zone in strict thermal wind balance?
10076313	0	Lectures on solar physics
10076313	0	Local helioseismology using ring diagram analysis
10076313	0	Measuring the helium abundance in the solar envelope: The role of the equation of state
10076313	0	New limits to bias and the amount of dark matter in the universe
10076313	0	Numerical methods for scientists and engineers
10076313	0	On the magnetic field required for driving the observed angular-velocity variations in the solar convection zone
10076313	0	Oscillation mode linewidths of main-sequence and subgiant stars observed by Kepler
10076313	0	Position and velocity sensitivities at the triangular libration points in the restricted problem of three bodies when the bigger primary is an oblate body
10076313	0	Possibility of Excitation of Low-ℓ P-Modes by Energetic Solar Transients
10076313	0	Proceedings of the international conference on "Windows on the Sun\'s Interior," October 19-21, 1995
10076313	0	Rational Function Approximations for Fermi-Dirac Integrals
10076313	0	REVISITING THE SOLAR TACHOCLINE: AVERAGE PROPERTIES AND TEMPORAL VARIATIONS
10076313	0	Ring‐Diagram Analysis of the Structure of Solar Active Regions
10076313	0	A seismic and gravitationally bound double star observed by Kepler
10076313	0	Seismic detection of acoustic sharp features in the CoRoT target HD 49933
10076313	0	SEISMIC EVIDENCE FOR A RAPIDLY ROTATING CORE IN A LOWER-GIANT-BRANCH STAR OBSERVED WITHKEPLER
10076313	0	Seismic measurement of the depth of the solar convection zone
10076313	0	Seismic study of magnetic field in the solar interior
10076313	0	Seismic study of stellar convective cores
10076313	0	Seismic tests for solar models with tachocline mixing
10076313	0	Seismology of the Solar f-Mode. I. Basic Signatures of Shearing Velocity Fields
10076313	0	Solar-cycle variation of the sound-speed asphericity from GONG and MDI data 1995-2000
10076313	0	SOLAR FLOWS AND THEIR EFFECT ON FREQUENCIES OF ACOUSTIC MODES
10076313	0	Solar internal rotation rate and the latitudinal variation of the tachocline
10076313	0	SOLAR MAGNETIC FIELD SIGNATURES IN HELIOSEISMIC SPLITTING COEFFICIENTS
10076313	0	Solar oscillations
10076313	0	Solar Rotation Rate and Its Gradients During Cycle 23
10076313	0	Stability of a steady vertical flow in a viscous fluid
10076313	0	Stability of magneto-acoustic waves in a thermally conducting compressible fluid
10076313	0	Stability of naked singularities in spherically symmetric dust collapse
10076313	0	Structure of the Near‐Surface Layers of the Sun: Asphericity and Time Variation
10076313	0	Temporal variation of large scale flows in the solar interior', "Temporal variations in the Sun's rotational kinetic energy", 'Theoretical spectrum of solar convection
10076313	0	Thermodynamics of a system of leptons, photons and interacting nucleons
10076313	0	Validity of the linearized theory for complete viscous polytropes
10076313	0	Waves in the sunspot umbra
10076313	0	Zonal Velocity Bands and the Solar Activity Cycle
100773179	0	Meng yuan ji, 2005:
100783412	0	Operations forecasting.
100793441	0	Living free, 2009:
100803814	0	The use of mud-laden fluid in oil and gas wells, 1916:
100813990	0	Predicción del comportamiento de un sistema para transportar suspensiones por medio del diseño clásico y el escalamiento, 1983:
1008155042734072400948	0	Genomic imprinting : papers presented at a meeting of the British Society for Developmental Biology at the University of Manchester, April 1990
100823163	0	Habitat alteration by hydrilla and its effect on macroinvertebrate community structure and bluegill foraging efficiency, 2007:
100833227	0	Análisis de la planeación de la educación superior en el Estado de San Luis Potosí, 1995:
100903932	0	Alterthümer : Geschichten und Sagen der Herzogthümer Bremen und Verden
100903932	0	Bible.', "Buch Hiob und der Prediger Salomo's nach ihrer strophischen Anordnung Nebst Abhandlgn über d. stroph. Charakter dieser Bücher", 'Die christliche Glaubenslehre des Herrn Dr. David Strauss, 1841:
100903932	0	Erläuterungen der heiligen Schrift Alten und Neuen Testaments aus den Klassikern, besonders aus Homer
100903932	0	Eusebius sive de emendando statu ecclesiae Slesvico Holsaticae hodierno Quaestiones academicae
100903932	0	... Geschichte des Klosters Loccum mit Urkunden und einer Kupfertafel
100903932	0	Immanuel, oder Characteristik der neutestamentlichen Wundererzählungen
100903932	0	Lehrbuch der Pastoral-Wissenschaft mit besonderer Rücksicht auf Pastoral-Weisheit
100903932	0	Meletemata critica et exegetica in Zachariae prophetae partem posteriorem cap. IX-XIV
100903932	0	Die Propheten des Alten und Neuen Testaments, nach ihrem Wesen und Wirken dargestellt
100903932	0	De servo Iehovae apud Iesaiam commentatio.
1009150323929609972529	0	Ex libris Leszka R.
100917680	0	Antarctic environments and resources, 1998:
100917680	0	Control of venereal diseases an epidemiological approach.
100917680	0	Earth science and the natural heritage interactions and integrated management
100917680	0	Glaciers, 2001:
100917680	0	The Khanna Study : Population Problems in the Rural Punjab
100917680	0	Land of mountain and flood the geology and landforms of Scotland', "Prophylaxie des maladies transmissibles à l'homme Version française de la 10ème édition 1965 ...", 'Quaternary of Scotland
100929224	0	Introducing-- Janet
100929224	0	Rubberface [VR], 2009:
100940199	0	El castañazo Slap shot
100940199	0	Slap shot - the junior league
100940199	0	Wesley Snipes
100940199	0	The ¤art of war II
100940199	0	The ¤traveler
100951303	0	Guía de aplicación de la norma UNE-ISO/IEC 27001 sobre seguridad en sistemas de información para pymes
100951303	0	Impacto sobre el mercado bursátil del vencimiento de los contratos de derivados sobre el Ibex 35
100967297	0	Barbelés et typhus
100967297	0	Le Sanatorium marin des Grandes Dalles (Seine-Inférieure)', "Le typhus exanthématique dans les camps de prisonniers de guerre en Allemagne (au cours de l'hiver 1941-1942)
100982838	0	Bibliographie Abbildungen schwer erreichbarer bibliographischer und bibliographieähnlicher Nachschlagewerke
100982838	0	Bibliothek als Lebenselixier Festschrift für Gottfried Rost zum 65. Geburtstag
100982838	0	Bibliothek der Deutschen Reichsversammlung 1848/49 (Reichsbibliothek) Bestandsverzeichnis
100982838	0	Krieg sammeln – Die Weltkriegssammlung 1914/18 der Deutschen Nationalbibliothek
100982838	0	Vater des Gedankens
